Abonnements avec GSM,GSM -abonnementen
Disponibles,beschikbaar
couleurs,kleuren
Disponibles en 3 couleurs,Verkrijgbaar in 3 kleuren
avec abonnement Panthère 35,Panther 35 met abonnement
Je le veux,ik wil
Disponibles en 4 couleurs,Verkrijgbaar in 4 kleuren
Je cherche,zoek
Toutes les marques,alle merken
Y5 Noir,Y5 Black
Disponibles en 2 couleurs,Verkrijgbaar in 2 kleuren
Ã  partir de,van
Plus de smartphones & GSM,Meer smartphones & GSM
Ecran 5,screen 5
Je commande,ik bestel
Smartphone uniquement,alleen smartphone
Rendez vous dans un shop Orange,Tot ziens in een winkel Orange
Voir la disponibilitÃ©,Beschikbaarheid
DÃ©tails du produit,Meer informatie
CaractÃ©ristiques,bestek
Porquoi acheter en ligne,Porquoi online kopen
Plus dâ€™infos,Meer
"PanthÃ¨re 30:,Panther 30""",
Une seule chose a changÃ©. Tout.,Slechts Ã©Ã©n ding is veranderd. Alles.
"DÃ¨s lâ€™instant oÃ¹ vous utilisez lâ€™iPhone 6s, vous dÃ©couvrez des sensations inÃ©dites. Dâ€™une simple pression, 3D Touch vous ouvre un champ des possibles insoupÃ§onnÃ©. Live Photos donne vie Ã  vos souvenirs. Et ce nâ€™est quâ€™un dÃ©but. Les innovations de lâ€™iPhone 6s nâ€™auront de cesse de vous Ã©tonner.","Vanaf het moment dat je de iPhone 6s gebruiken ontdek je nieuwe sensaties . Met Ã©Ã©n druk , 3D Touch opent een gebied van onvermoede mogelijkheden . Live Photos geeft leven aan je herinneringen . En dit is nog maar het begin . De innovaties van de iPhone 6s zal niet ophouden te verbazen."
"L'appareil photo fait un bond en avant en termes de qualitÃ©, passant de 8 Ã  12 mÃ©gapixels Ã  l'arriÃ¨re et de 1.2 Ã  5 mÃ©gapixels Ã  l'avant.","De camera maakt een sprong voorwaarts in termen van kwaliteit , van 8 tot 12 megapixels in de rug en 1,2-5 megapixels aan de voorkant ."
Un processeur encore plus rapide pour une fluiditÃ© incontestable.,Een snellere processor om een onmiskenbare vloeibaarheid .
La technologie 3D Touch qui permet de faire apparaÃ®tre des menus et fonctions en appuyant plus fort sur lâ€™Ã©cran.,3D- Touch-technologie om de menu's en opties te tonen door te drukken harder op het scherm.
Points nÃ©gatifs,negatieven
Action cashback en combinaison avec un abonnement PanthÃ¨re Smartphone: 50 â‚¬ remboursÃ©s aprÃ¨s achat.,Actie cashback in combinatie met een Panther Smartphone abonnement : â‚¬ 50 terugbetaald na aankoop.
Demandez votre cashback ici,Vraag hier uw cashback
GÃ©nÃ©ral,algemeen
Taille de l'Ã©cran,Schermgrootte
RÃ©solution de l'Ã©cran,schermresolutie
CapacitÃ© de la batterie,Capaciteit van de batterij
MÃ©moire interne,intern geheugen
MÃ©moire extensible,uitbreidbaar geheugen
SystÃ¨me,systeem
SystÃ¨me d'exploitation,Besturingssysteem
ConnectivitÃ©,connectiviteit
AccÃ¨s internet mobile,Mobile Internet Access
FrÃ©quences,frequenties
MultimÃ©dia,multimedia
Avis sur collectÃ© par,Beoordelingen verzameld door
Etapes par Ã©tapes,stap voor stap
Standalone purchase,standalone aankoop
Vous avez commandÃ© un smartphone sans abonnement:,Je bestelde een smartphone zonder abonnement :
"Toute commande passÃ©e avant 19h vous sera livrÃ©e gratuitement le lendemain par bpost, mÃªme le samedi. Seules les commandes effectuÃ©es le week-end (samedi et dimanche), ne vous parviendront que le mardi suivant.","Alle bestellingen geplaatst voor 19u zal worden geleverd gratis de volgende dag door bpost , zelfs op zaterdagen . Alleen bestellingen die in het weekend ( zaterdag en zondag) krijgt u de volgende dinsdag te sturen."
Subsidy purchase,subsidie â€‹â€‹aankoop
Si vous Ãªtes un nouveau client Orange :,Als u een nieuwe Orange klant :
"Vous recevrez votre nouvelle carte SIM par bpost dans les 2 jours ouvrables. Pour des raisons de sÃ©curitÃ©, votre carte SIM nâ€™est pas encore activÃ©e.",U zal uw nieuwe SIM- kaart door bpost ontvangt binnen 2 werkdagen . Om veiligheidsredenen wordt uw SIM-kaart nog niet geactiveerd .
et suivez les instructions dâ€™activation. Votre carte SIM sera prÃªte Ã  lâ€™emploi dans les 24 heures.,en volg de instructies activering . Uw SIM -kaart is klaar voor gebruik binnen 24 uur.
"Une fois votre carte SIM activÃ©e, votre GSM vous sera livrÃ© dans les 2 jours ouvrables. Vous recevrez un mail qui vous confirmera lâ€™envoi de votre paquet.","Eenmaal geactiveerd de SIM-kaart , zal uw mobiele telefoon worden geleverd binnen 2 werkdagen . U ontvangt een e-mail bevestiging van uw pakket uit te sturen ."
Si vous Ãªtes dÃ©jÃ  client Orange :,Als u al een Orange klant :
Vous nâ€™avez pas besoin de changer de carte SIM. Votre abonnement sera automatiquement activÃ© en 24 heures et votre smartphone vous sera ensuite livrÃ© dans les 2 jours ouvrables.,U hoeft niet naar de SIM-kaart te veranderen . Uw abonnement wordt automatisch geactiveerd in 24 uur en dan is uw smartphone zal worden verzonden binnen 2 werkdagen .
Pourquoi acheter en ligne,Waarom online kopen
"Livraison rapide et gratuite, mÃªme le samedi. Retour simple et sans frais.","snel en gratis verzending , ook op zaterdag. Back eenvoudig en gratis ."
Cashback de 50â‚¬,Cashback 50 â‚¬
Commander votre,bestel uw
carte SIM prÃ©payÃ©e,prepaid SIM-kaart
Je commande gratuitement,Ik bestel gratis
Vous conservez votre numÃ©ro actuel,U houdt uw bestaande nummer
Livraison en 2 jours,Levering in 2 dagen
ComplÃ¨tez ces donnÃ©es pour valider votre commande,Vul deze gegevens om uw bestelling te valideren
Je dÃ©sire conserver mon numÃ©ro actuel de mon provider,Ik wil mijn bestaande nummer van mijn provider te houden
Vos donnÃ©es personnelles,Uw persoonlijke gegevens
Titre,titel
PrÃ©nom,voornaa
Nom,naam
Date de naissance,Geboortedatum
Pourquoi,Waarom
Adresse de livraison,Afleveradres
Ville,stad
Rue,Rue
NumÃ©ro,nummer
BoÃ®te,doos
Pays : Belgique,Land : BelgiÃ«
Voulez vous recevoir les offres intÃ©ressantes et les deniÃ¨res nouvelles Orange,Wilt u ontvangt interessante aanbiedingen en nieuwe deniÃ¨res Oranje
Jâ€™accepte les,Ik ga akkoord met de
conditions gÃ©nÃ©rales de vente,Verkoopvoorwaarden
Valider ma commande,Bestelling bevestigen
Suivant votre budget,Afhankelijk van uw budget
Voir les 6 modÃ¨les de smartphones disponibles,Bekijk de 6 beschikbare modellen van smartphones
DÃ©couvrir,ontdekken
PanthÃ¨re,panter
"Pour que votre abonnement soit actif, activez la carte SIM reÃ§ue sur www.mobistar.be/activer.","Voor dat uw abonnement actief is , selecteert u de SIM-kaart ontvangen op www.mobistar.be/activer ."
Rendez-vous dans votre point de vente Mobistar pour profiter de ces offres,Ga naar je Mobistar verkooppunt om deze aanbiedingen te genieten
"Connectez-vous, choisissez gÃ©rer mon abonnement"" et personnalisez votre demande en quelques clics""","Log in , kies  beheren mijn abonnement "" en aanpassen van uw aanvraag in een paar klikken"""
Vous pouvez Ã©galement modifier votre abonnement dans le,U kunt uw abonnement wijzigen
Bon Ã  savoir,Goed om te weten
Contactez-nous au 5000 depuis votre GSM Orange. Un de nos collaborateurs vous aidera Ã  choisir le plan tarifaire le plus adaptÃ© Ã  votre consommation, Neem contact met ons op 5000 vanaf uw mobiele Orange . EÃ©n van onze medewerkers zal u helpen bij het â€‹â€‹tariefplan te kiezen meest geschikt is voor uw verbruik
Cartes prÃ©payÃ©es,prepaid kaarten
AcquÃ©rir un nouveau GSM Ã  un prix avantageux en le combinant avec un abonnement,Het verwerven van een nieuwe gsm goedkoper door het te combineren met een abonnement
Appels illimitÃ©s,onbeperkt bellen
vers tous les rÃ©seaux,alle netwerken
SMS illimitÃ©s,onbeperkt SMS
Changez facilement de plan tarifaire,Verander gemakkelijk van tariefplan
Un espace de 10GB pour stocker vos donnÃ©es,Een ruimte van 10GB aan uw gegevens op te slaan
Un service de navigation et dâ€™info trafic en temps rÃ©el (utilise les datas de votre abonnement),Een navigatiedienst en info real-time verkeersinformatie ( met behulp van de details van uw abonnement )
Promo web pour les nouveaux abonnÃ©s Orange: -50% pendant 3 mois,web promo voor nieuwe Orange abonnees : -50 % voor 3 maanden
votre smartphone Ã  prix rÃ©duit,je scherp geprijsde smartphone
Comment se passe la livraison de votre smartphone combinÃ© Ã  un abonnement,Hoe wordt de levering van uw smartphone in combinatie met een abonnement
"Si vous Ãªtes un nouveau client, vous recevrez tout dâ€™abord une nouvelle carte SIM endÃ©ans les 2 jours ouvrables. Pour des raisons de sÃ©curitÃ©, la carte SIM ne sera pas activÃ©e.","Als u een nieuwe klant bent, eerst krijgt u een nieuwe SIM-kaart binnen 2 werkdagen. Om veiligheidsredenen wordt de SIM-kaart niet worden geactiveerd."
"Remarque : Si vous utilisez une carte prÃ©payÃ©e Mobistar, vous nâ€™avez pas besoin de changer de carte SIM. Votre abonnement sera automatiquement activÃ© en 48 heures et votre smartphone sera ensuite livrÃ© endÃ©ans les 2 jours ouvrables.","Opmerking: Als u Mobistar prepaid-kaart te gebruiken, hoeft u niet naar de SIM-kaart te veranderen. Uw abonnement wordt automatisch geactiveerd in 48 uur en dan is uw smartphone zal worden verzonden binnen 2 werkdagen."
Votre carte SIM sera prÃªte Ã  lâ€™emploi endÃ©ans les 24 heures.,Uw SIM-kaart is klaar voor gebruik binnen 24 uur.
Votre carte SIM est compatible avec tous les tÃ©lÃ©phones,Uw SIM-kaart is compatibel met alle telefoons
"Une fois que votre abonnement est actif, votre GSM vous sera automatiquement envoyÃ© endÃ©ans les 2 jours ouvrables.","Zodra uw abonnement actief is, de handset wordt automatisch binnen 2 werkdagen verzonden."
Vous avez dÃ©jÃ  un abonnement ,Je hebt al een abonnement
Ãªtes pas encore un client Orange,niet een Oranje klant weer
"Choisissez l'abonnement que vous souhaitez sur notre site web et suivez simplement les Ã©tapes. Pas d'inquiÃ©tude, le systÃ¨me vous guidera sur la marche Ã  suivre.","Selecteer het abonnement dat u wilt op onze website en volg de eenvoudige stappen. Maak je geen zorgen, zal het systeem u te begeleiden op hoe verder te gaan."
"Votre nouvelle carte SIM vous sera livrÃ©e endÃ©ans les 2 jours ouvrables via bpost. Attention, par sÃ©curitÃ©, votre carte SIM n'est pas encore activÃ©e.",Ontvang en activeren van uw SIM-kaart
"Pour ce faire, suivez les instructions que vous retrouverez dans l'enveloppe contenant votre carte SIM. Votre carte SIM est prÃªte Ã  l'utilisation dans les 24 heures.","Om dit te doen, volg de instructies die je kunt vinden in de envelop met uw SIM-kaart. Uw SIM-kaart is klaar voor gebruik binnen 24 uur."
Vous avez une carte prÃ©payÃ©e,Je hebt een prepaid-kaart
"Vous conservez votre numÃ©ro, votre carte SIM et votre crÃ©dit dâ€™appel restant.","Je houdt je nummer, uw SIM-kaart en uw resterende beltegoed."
"Pour passer Ã  un abonnement avec smartphone, deux possibilitÃ©s s'offrent Ã  vous",Om over te schakelen naar een smartphone-abonnement met twee opties voor u beschikbaar
Vous pouvez trÃ¨s facilement et rapidement changer votre abonnement vous-mÃªme dans votre , U kunt uw abonnement jezelf gemakkelijk en snel veranderen in je
Si vous avez dÃ©jÃ  un abonnement avec smartphone, Als je al een abonnement met smartphone
pour toutes les informations sur le changement de plan tarifaire selon la durÃ©e de votre contrat.,"voor alle informatie over de verandering van tariefplan, afhankelijk van de lengte van uw contract."
Add to Cart,Add to Cart
Disponible en 3 couleurs,Beschikbaar in 3 kleuren
avec Panthère Smartphone,met Panter Smartphone
Disponible en 4 couleurs,Beschikbaar in 4 kleuren
Smartphones et GSM,Smartphones en gsm's
"Rechercher  (inside the search field, also add ""Par mots-clés"" - such as on HTML p25)","Zoeken (inside the search field, also add ""Par mots-clés"" - such as on HTML p25)"
Par marque,Op merk
Par prix,Op prijs
Y5,Y5
3256 avis,3256 beoordelingen
Disponible en 2 couleurs,Beschikbaar in 2 kleuren
En stock,In voorraad
Sans abonnement,Zonder abonnement
Avec abonnement,Met abonnement
à partir de,vanaf
Plus de smartphones et GSM,Meer smartphones en gsm's
"Ecran 5""","5"" scherm"
Appareil photo 5MP,5MP camera
Couleurs disponibles,Beschikbare kleuren
Commander,Bestellen
mois,maand
Engagement de 24 mois,Verbintenis van 24 maanden
Prix sans abonnement,Prijs zonder abonnement
Etalement de paiement possible,Gespreide betaling mogelijk
Rendez-vous dans un shop Orange,Ga naar een Orange-shop
Acheter ce smartphone,Koop deze smartphone
dans un shop Orange,in een Orange-shop
Voir la disponibilité,Bekijk de beschikbaarheid
Détails du produit,Beschrijving
Caractéristiques,Kenmerken
Avis,Reviews
Produits similaires,Vergelijkbare producten
4 raisons de commander en ligne ,4 redenen om online te bestellen
et doloris con quiat,et doloris con quiat
Plus d’infos,Meer info
Une seule chose a changé. Tout.,"Het enige wat is veranderd, is alles."
"Dès l’instant où vous utilisez l’iPhone 6s, vous découvrez des sensations inédites. D’une simple pression, 3D Touch vous ouvre un champ des possibles insoupçonné. Live Photos donne vie à vos souvenirs. Et ce n’est qu’un début. Les innovations de l’iPhone 6s n’auront de cesse de vous étonner.","Zodra je iPhone 6s gebruikt, weet je dat je iets totaal nieuws in handen hebt. Eén druk op het scherm en 3D Touch opent een hele nieuwe wereld aan mogelijkheden. Met Live Photos komen je foto’s helemaal tot leven. En dat is nog maar het begin. Als je dieper in de mogelijkheden van je iPhone 6s duikt, kom je overal innovaties tegen."
Points positifs,Pluspunten
"L'appareil photo fait un bond en avant en termes de qualité, passant de 8 à 12 mégapixels à l'arrière et de 1.2 à 5 mégapixels à l'avant.","De camera maakt een grote sprong voorwaarts, van 8 tot 12 megapixel aan de achterzijde en van 1.2 naar 5 megapixel in de front camera."
Un processeur encore plus rapide pour une fluidité incontestable.,Een nog snellere processor voor een ongeëvenaarde ervaring
La technologie 3D Touch qui permet de faire apparaître des menus et fonctions en appuyant plus fort sur l’écran.,3D- Touch-technologie die toelaat om  menu's en opties te tonen door harder op het scherm te drukken .
Points négatifs,Minpunten
Incompatible avec la recharge rapide et la recharge sans fil.,Snel herladen en draadloos herladen niet mogelijk
"Profitez de l'action cashback en commandant cette appareil avec un abonnement Koala Smartphone : 
50 € remboursés après achat. 
Profitez de l'action cashback en commandant cette appareil avec un abonnement Koala Smartphone : 
50 € remboursés après achat. 
Profitez de l'action cashback en commandant cette appareil avec un abonnement Koala Smartphone : 50 € remboursés après achat. 
",Geniet van de cashback-actie als je dit toestel bestelt met een Koala Smartphone-abonnement:
Demander votre cashback,Je cashback aanvragen
Général,Algemeen
Taille de l'écran,Schermgrootte
Résolution de l'écran,Schermresolutie
Ecran tactile,Touchscreen
Dimensions,Afmeting
Poids,Gewicht
Capacité de la batterie,Capaciteit van de batterij
Batterie amovible,Verwijderbare batterij
Mémoire interne,Intern geheugen
Mémoire extensible,Uitbreidbaar geheugen
Micro SD (max 256 GB),Micro SD (tot 256 GB)
Format de carte SIM,Simkaartformaat
Accessoires inclus,Inclusief accessoires
Système,Systeem
Système d'exploitation,Besturingssysteem
Processeur,Processor
Connectivité,Connectiviteit
Accès internet mobile,Mobiele internetverbinding
Fréquences,Frequenties
Recharge sans fil,Draadloos opladen
Multimédia,Multimedia
Appareil photo,Camera
Appareil photo avant,Front camera
Radio FM,FM-radio
Avis collecté par,Reviews verzameld door
Commander un smartphone ,Een smartphone bestellen
Commander un smartphone seul ,Een losse smartphone bestellen
"Toute commande passée avant 19h vous sera livrée gratuitement le lendemain par bpost, même le samedi. Seules les commandes effectuées le week-end (samedi et dimanche), ne vous parviendront que le mardi suivant.","Alle bestellingen vóór 19u worden gratis de volgende dag geleverd door bpost, zelfs op zaterdag. Als je tijdens het weekend bestelt (op zaterdag of zondag), wordt je bestelling op dinsdag geleverd."
,
Commander un smartphone avec abonnement ,Een smartphone met abonnement bestellen
Si vous êtes un nouveau client Orange,Si vous êtes un nouveau client Orange
Livraison de votre carte SIM,Livraison de votre carte SIM
"Vous recevrez votre nouvelle carte SIM par bpost dans les 2 jours ouvrables. Pour des raisons de sécurité, votre carte SIM n’est pas encore activée.","Vous recevrez votre nouvelle carte SIM par bpost dans les 2 jours ouvrables. Pour des raisons de sécurité, votre carte SIM n’est pas encore activée."
Activation de votre carte SIM,Activation de votre carte SIM
"Pour activer votre carte SIM, rendez-vous sur","Pour activer votre carte SIM, rendez-vous sur"
et suivez les instructions d’activation. Votre carte SIM sera prête à l’emploi dans les 24 heures.,et suivez les instructions d’activation. Votre carte SIM sera prête à l’emploi dans les 24 heures.
Livraison de votre smartphone,Livraison de votre smartphone
"Une fois votre carte SIM activée, votre GSM vous sera livré dans les 2 jours ouvrables. Vous recevrez un mail qui vous confirmera l’envoi de votre paquet.","Une fois votre carte SIM activée, votre GSM vous sera livré dans les 2 jours ouvrables. Vous recevrez un mail qui vous confirmera l’envoi de votre paquet."
Si vous êtes déjà client Orange,Si vous êtes déjà client Orange
Vous n’avez pas besoin de changer de carte SIM. Votre abonnement sera automatiquement activé en 24 heures et votre smartphone vous sera ensuite livré dans les 2 jours ouvrables.,Vous n’avez pas besoin de changer de carte SIM. Votre abonnement sera automatiquement activé en 24 heures et votre smartphone vous sera ensuite livré dans les 2 jours ouvrables.
"Livraison rapide et gratuite, même le samedi. Retour simple et sans frais.","Livraison rapide et gratuite, même le samedi. Retour simple et sans frais."
Cashback de,Cashback van
Sélectionner une gamme de prix ,Selecteer je budget
6 modèles disponibles,6 beschikbare modellen
Découvrir,Ontdekken
Panthère,Panthère
"Pour que votre abonnement soit actif, activez la carte SIM reçue sur www.mobistar.be/activer.","Pour que votre abonnement soit actif, activez la carte SIM reçue sur www.mobistar.be/activer."
Rendez-vous dans votre point de vente Mobistar pour profiter de ces offres !,Rendez-vous dans votre point de vente Mobistar pour profiter de ces offres !
Vous,Vous
êtes pas encore un client Orange,êtes pas encore un client Orange
Nous nous occupons du reste,Nous nous occupons du reste
Rendez-vous dans votre Espace client ou dans un shop Orange,Rendez-vous dans votre Espace client ou dans un shop Orange
"Connectez-vous, choisissez ""gérer mon abonnement"" et personnalisez votre demande en quelques clics","Connectez-vous, choisissez ""gérer mon abonnement"" et personnalisez votre demande en quelques clics"
Vous pouvez également modifier votre abonnement dans le,Vous pouvez également modifier votre abonnement dans le
plus proche,plus proche
Bon à savoir,Bon à savoir
Besoin d'aide,Besoin d'aide
Contactez-nous au 5000 depuis votre GSM Orange. Un de nos collaborateurs vous aidera à choisir le plan tarifaire le plus adapté à votre consommation,Contactez-nous au 5000 depuis votre GSM Orange. Un de nos collaborateurs vous aidera à choisir le plan tarifaire le plus adapté à votre consommation
Abonnements,Abonnements
Abonnements avec smartphone,Abonnements avec smartphone
Cartes prépayées,Cartes prépayées
Acquérir un nouveau GSM à un prix avantageux en le combinant avec un abonnement,Acquérir un nouveau GSM à un prix avantageux en le combinant avec un abonnement
Appels illimités,Appels illimités
vers tous les réseaux,vers tous les réseaux
SMS illimités,SMS illimités
Inclus dans l'offre,Inclus dans l'offre
Changez facilement de,Changez facilement de
Analyse personnelle,Analyse personnelle
Un espace de 10GB pour stocker vos données,Un espace de 10GB pour stocker vos données
Un service de navigation et d’info trafic en temps réel ,Un service de navigation et d’info trafic en temps réel 
Promo web pour les nouveaux abonnés Orange: -50% pendant 3 mois,Promo web pour les nouveaux abonnés Orange: -50% pendant 3 mois
Un smartphone à prix réduit,Een smartphone aan verminderde prijs
Comment se passe la livraison de votre smartphone combiné à un abonnement,Comment se passe la livraison de votre smartphone combiné à un abonnement
Recevez votre carte SIM,Recevez votre carte SIM
"Si vous êtes un nouveau client, vous recevrez tout d’abord une nouvelle carte SIM endéans les 2 jours ouvrables. Pour des raisons de sécurité, la carte SIM ne sera pas activée.","Si vous êtes un nouveau client, vous recevrez tout d’abord une nouvelle carte SIM endéans les 2 jours ouvrables. Pour des raisons de sécurité, la carte SIM ne sera pas activée."
"Remarque : Si vous utilisez une carte prépayée Mobistar, vous n’avez pas besoin de changer de carte SIM. Votre abonnement sera automatiquement activé en 48 heures et votre smartphone sera ensuite livré endéans les 2 jours ouvrables.","Remarque : Si vous utilisez une carte prépayée Mobistar, vous n’avez pas besoin de changer de carte SIM. Votre abonnement sera automatiquement activé en 48 heures et votre smartphone sera ensuite livré endéans les 2 jours ouvrables."
Activez votre carte SIM,Activez votre carte SIM
Votre carte SIM sera prête à l’emploi endéans les 24 heures.,Votre carte SIM sera prête à l’emploi endéans les 24 heures.
Votre carte SIM est compatible avec tous les téléphones,Votre carte SIM est compatible avec tous les téléphones
Recevez un smartphone,Recevez un smartphone
"Une fois que votre abonnement est actif, votre GSM vous sera automatiquement envoyé endéans les 2 jours ouvrables.","Une fois que votre abonnement est actif, votre GSM vous sera automatiquement envoyé endéans les 2 jours ouvrables."
Vous avez déjà un abonnement,Vous avez déjà un abonnement
Commandez votre abonnement en ligne,Commandez votre abonnement en ligne
"Choisissez l'abonnement que vous souhaitez sur notre site web et suivez simplement les étapes. Pas d'inquiétude, le système vous guidera sur la marche à suivre.","Choisissez l'abonnement que vous souhaitez sur notre site web et suivez simplement les étapes. Pas d'inquiétude, le système vous guidera sur la marche à suivre."
Recevez et activez votre carte SIM,Recevez et activez votre carte SIM
"Votre nouvelle carte SIM vous sera livrée endéans les 2 jours ouvrables via bpost. Attention, par sécurité, votre carte SIM n'est pas encore activée.","Votre nouvelle carte SIM vous sera livrée endéans les 2 jours ouvrables via bpost. Attention, par sécurité, votre carte SIM n'est pas encore activée."
"Pour ce faire, suivez les instructions que vous retrouverez dans l'enveloppe contenant votre carte SIM. Votre carte SIM est prête à l'utilisation dans les 24 heures.","Pour ce faire, suivez les instructions que vous retrouverez dans l'enveloppe contenant votre carte SIM. Votre carte SIM est prête à l'utilisation dans les 24 heures."
Votre carte SIM est compatible avec tous les appareils (normale / micro / nano SIM).,Votre carte SIM est compatible avec tous les appareils (normale / micro / nano SIM).
Vous avez une carte prépayée,Vous avez une carte prépayée
"A la fin de votre commande en ligne, vous recevrez un mail de confirmation. Ensuite, votre abonnement sera automatiquement activÃ© en 24 heures. Nous vous en informerons par SMS.","A la fin de votre commande en ligne, vous recevrez un mail de confirmation. Ensuite, votre abonnement sera automatiquement activÃ© en 24 heures. Nous vous en informerons par SMS."
"Vous conservez votre numéro, votre carte SIM et votre crédit d’appel restant.","Vous conservez votre numéro, votre carte SIM et votre crédit d’appel restant."
Vous avez un autre plan tarifaire,Vous avez un autre plan tarifaire
"Pour passer à un abonnement avec smartphone, deux possibilités s'offrent à vous","Pour passer à un abonnement avec smartphone, deux possibilités s'offrent à vous"
Vous pouvez très facilement et rapidement changer votre abonnement vous-même dans votre,Vous pouvez très facilement et rapidement changer votre abonnement vous-même dans votre
le plus proche.,le plus proche.
Si vous avez déjà un abonnement avec smartphone,Si vous avez déjà un abonnement avec smartphone
cliquez ici,cliquez ici
pour toutes les informations sur le changement de plan tarifaire selon la durée de votre contrat.,pour toutes les informations sur le changement de plan tarifaire selon la durée de votre contrat.
Accessoires audio,Audio-accessoires
Chargeurs et câbles,Laders & kabels
Housses et protections,Hoezen & bescherming
Mémoires et cartes,Geheugen & kaarten
Montres et bracelets connectés,Smartwatches & activity trackers
Filtrer par,Sorteren op
Popularité,Populariteit
Prix croissants,Hoogste prijs
Prix décroissants,Laagste prijs
Garmin Viovactive GPS,Garmin Viovactive GPS
Disponible en 6 couleurs,Beschikbaar in 6 kleuren
Plus de montres & bracelets connectés,Meer smartwatches en activity trackers
Oxo Coque rigide pour Samsung Galaxy S7 edge,Oxo beschermhoes voor Samsung Galaxy S7 edge
Offre,Aanbod
"Bougez mieux à la maison et au travail, pour une vie plus saine. La montre GPS connectée pour un style de vie actif.","Bougez mieux à la maison et au travail, pour une vie plus saine. La montre GPS connectée pour un style de vie actif."
"Montre GPS connectée ultracompacte, avec écran tactile couleur haute résolution et antireflet.","Montre GPS connectée ultracompacte, avec écran tactile couleur haute résolution et antireflet."
"Couplée à votre smartphone, vivoactive vibre discrètement et affiche des alertes en cas d'appels entrants, d'événements dans votre calendrier, d'e-mails et de SMS, ainsi que de notifications issues de réseaux sociaux et d'autres applications mobiles. Il vous suffit d'effleurer l'écran du bout du doigt pour lire ce qui vous intéresse ou l'effacer.","Couplée à votre smartphone, vivoactive vibre discrètement et affiche des alertes en cas d'appels entrants, d'événements dans votre calendrier, d'e-mails et de SMS, ainsi que de notifications issues de réseaux sociaux et d'autres applications mobiles. Il vous suffit d'effleurer l'écran du bout du doigt pour lire ce qui vous intéresse ou l'effacer."
"Personnalisez-la à votre image avec les fonds d'écran, widgets et applications provenant de la boutique Connect IQ™.","Personnalisez-la à votre image avec les fonds d'écran, widgets et applications provenant de la boutique Connect IQ™."
"Lorem ipsum dolor sit amet, consectetur adipiscing elit. Maecenas tempus est purus, eget ullamcorper arcu luctus nec. Duis iaculis nibh sed elementum","Lorem ipsum dolor sit amet, consectetur adipiscing elit. Maecenas tempus est purus, eget ullamcorper arcu luctus nec. Duis iaculis nibh sed elementum"
Plus d'infos ,Meer info
Accessoires gratuits,Gratis accessoires
Promo web,Webpromo
Etape 1 - Lorem Ipsum,Etape 1 - Lorem Ipsum
Etape 2 - Lorem Ipsum,Etape 2 - Lorem Ipsum
Etape 3 - Lorem Ipsum,Etape 3 - Lorem Ipsum
Merci François,Merci François
votre,votre
commande est validée,commande est validée
Votre numéro de commande,Votre numéro de commande
Prochaines étapes,Prochaines étapes
"Lorem ipsum dolor sit amet, consectetur adipiscing elit. Vivamus id sodales enim, at pretium augue. Pellentesque consequat suscipit faucibus. Fusce ullamcorper maximus tincidunt. Quisque rutrum elementum nulla id efficitur. Curabitur porttitor, velit eu egestas hendrerit, velit sapien molestie tellus, eget tempor sapien erat nec est. Curabitur","Lorem ipsum dolor sit amet, consectetur adipiscing elit. Vivamus id sodales enim, at pretium augue. Pellentesque consequat suscipit faucibus. Fusce ullamcorper maximus tincidunt. Quisque rutrum elementum nulla id efficitur. Curabitur porttitor, velit eu egestas hendrerit, velit sapien molestie tellus, eget tempor sapien erat nec est. Curabitur"
Conservez votre numéro,Conservez votre numéro
Résumé de votre commande,Résumé de votre commande
Carte SIM gratuite Panthère,Carte SIM gratuite Panthère
Mr. François Lorem Ipsum,Mr. François Lorem Ipsum
Rue du courant d’air,Rue du courant d’air
Bruxelles,Bruxelles
Belgique,Belgique
Oxo kit piéton,Oxo kit piéton
métallique,métallique
Par catégorie,Par catégorie
Plus d'accessoires,Plus d'accessoires
Couleur disponibles,Couleur disponibles
Prix croissant,Prix croissant
Prix décroissant,Prix décroissant
Prix,Prix
plan tarifaire,plan tarifaire
Orange Circle,Orange Circle
(utilise les datas de votre abonnement),(utilise les datas de votre abonnement)
Content ,Content 
Code postal,Code postal
Votre commande ,Jouw bestelling
Voir votre panier,Bekijk je winkelmandje
1. Numéro ,1. Nummer
2. Informations,2. Gegevens
3. Paiement ,3. Betaling
Configurez votre numéro pour,Je nummer instellen voor 
Récupérer un numéro existant ,Een bestaand nummer gebruiken
Numéro de GSM ,Gsm-nummer
Obtenir un nouveau numéro ,Een nieuw nummer aanvragen
Continuer ,Verder gaan
"Pour changer votre abonnement Orange, rendez-vous dans votre Espace client. ",Ga naar je Klantenzone om je Orange-abonnement te wijzigen
Espace client ,Klantenzone
"Pour changer votre abonnement Orange, vous devez vous rendre dans votre Espace client. 
Finalisez d'abord votre commande sans ce produit, puis rendez-vous dans votre Espace client pour changer de plan tarifaire. ","Ga naar je Klantenzone om je Orange-abonnement te wijzigen. Beëindig eerst je bestelling zonder dit product, daarna kan je in je Klantenzone je tariefplan aanpassen."
Continuer votre commande,Verder met je bestelling
ou,of
Ajouter un abonnement ,Een abonnement toevoegen
Transfert de votre numéro : ,Overdracht van je nummer: 
Quel est votre opérateur actuel ? *,Wie is je huidige operator? *
Sélectionnez ,Selecteer
Proximus,Proximus
Telenet,Telenet
Base ,Base 
Autre ,Andere
Quel est votre type de carte ? *,Welk type tariefplan? *
Abonnement ,Abonnement 
Carte prépayée ,Herlaadkaart
N° de client actuel *,Huidige klantnummer *
N° de carte SIM actuel *,Huidige simkaartnummer *
La facture est-elle à votre nom ? *,Staat de factuur op jouw naam? *
Oui ,Ja
Non,Neen
Nom du titulaire *,Naam van de titularis *
Prénom du titulaire *,Voornaam van de titularis *
Informations ,Gegevens
Voulez-vous ajouter cet ou ces abonnement(s) à votre facture ? *,Wil je dit of deze abonnement(en) toevoegen aan je factuur? *
"Si vous êtes déjà abonné chez Orange, vous bénéficiez d'une réduction de 5 €/mois.
Avez-vous un abonnement mobile d'au moins 10 €/mois ? *","Indien je al een Orange-abonnement hebt, geniet je van een korting van 5 €/maand. Heb je een gsm-abonnement van minstens 10 €/maand? *"
Données personnelles ,Persoonlijke gegevens
Indépendant ou société ,Zelfstandige of bedrijf
Profil *,Profiel *
Entreprise,Bedrijf
Indépendant ,Zelfstandige
Profession libérale avec numéro de TVA ,Vrij beroep met btw-nummer
Profession libérale sans numéro de TVA ,Vrij beroep zonder btw-nummer
Statut juridique *,Juridisch statuut *
SA,nv
SPRL,bvba
ASBL,vzw
SCRL,cvba
SNC,vof
SCRI,cvoha
SCS,gcv
SCA,cva
GIE,esv
GEIE,eesv
SE,se
Société Agricole ,LandbouwVennootschap
AISBL,ivzw
FP,priv st
FUP,son
Nom de la société *,Naam van de onderneming *
N° de TVA *,Btw-nummer *
Mr,Mr.
Mme,Mevr.
Mail *,E-mailadres
N° de contact *,Contactnummer *
Date de naissance *,Geboortedatum *
Jour ,Dag
Mois ,Maand
Année,Jaar
Nationalité  *,Nationaliteit *
Belge,Belg
Autre,Andere
N° de carte d'identité *,Identiteitskaartnummer *
Êtes-vous enregistré en Belgique ? *,Ben je in België geregistreerd? *
Non ,Neen
N° de titre de séjour *,Nummer verblijfskaart *
N° de passeport *,Paspoortnummer *
Adresse de facturation ,Factuuradres
Adresse de livraison ,Leveringsadres
Utiliser la même adresse que l'adresse de facturation ,Gebruik hetzelfde adres als het factuuradres
Utiliser une autre adresse pour la livraison ,Gebruik een ander adres voor de levering
A l'attention de ,Ter attentie van
"Code postal, ville *","Postcode, stad *"
Boîte ,Bus
Pays : Belgique ,Land: België
Utiliser un point de collecte bpost ,Gebruik een bpost-afhaalpunt
Choisir un point de collecte,Kies een afhaalpunt
Vous avez choisi : ,Je koos voor:
[Collect point selected],[Collect point selected]
Modifier le point de collecte,Afhaalpunt wijzigen
Nom du client *,Naam klant *
Prochaines étapes ,Volgende stappen
 Abonnement : Vous recevrez un mail de confirmation vous expliquant les étapes d'activation de votre nouvel abonnement. ,Abonnement: je ontvangt een bevestigingsmail die je uitlegt hoe je je nieuwe abonnement kan activeren.
" Abonnement avec smartphone : Une fois votre carte SIM activée (les étapes d'activation seront expliquées dans votre mail de confirmation), vous recevrez votre smartphone dans les 2 jours ouvrables. "," Abonnement met smartphone: eens je simkaart actief is (de activering wordt uitgelegd in je bevestigingsmail), ontvang je je smartphone binnen 2 werkdagen."
 Carte prépayée : Vous recevrez votre carte dans les 2 jours ouvrables ainsi que les étapes à suivre pour conserver votre numéro. ," Herlaadkaart: je ontvangt je kaart binnen 2 werkdagen, met de stappen die je moet volgen om je nummer te behouden."
 Internet Everywhere : Vous recevrez votre carte SIM dans les 2 jours ouvrables., Internet Everywhere: je ontvangt je simkaart binnen 2 werkdagen.
 Internet Everywhere + appareil : Vous recevrez votre carte SIM ainsi que votre appareil dans les 2 jours ouvrables.,Internet Everywhere + toestel: je ontvangt je simkaart samen met je toestel binnen 2 werkdagen.
" Si vous avez commandé votre GSM ou tablette avant 19h, vous serez livré le lendemain. "," Als je je gsm of tablet besteld hebt vóór 19u, ontvang je hem de volgende dag."
"Si vous avez commandé votre accessoire avant 19h, vous serez livré le lendemain. ","Als je je accessoire besteld hebt vóór 19u, ontvang je hem de volgende dag."
Offres et conditions ,Aanbod en voorwaarden
Recevoir les offres intéressantes et les dernières nouvelles d'Orange,Interessante aanbiedingen en het laatste Orange-nieuws ontvangen
Accepter les conditions générales de ventes d'Orange *,De algemene verkoopsvoorwaarden van Orange aanvaarden *
Continuer,Verder gaan
Total ,Totaal
À payer mensuellement ,Maandelijks te betalen
À payer maintenant ,Nu te betalen
À payer sur votre prochaine facture ,Te betalen op je volgende factuur
Livraison ,Levering
Code promo,Promocode
Valider ,Valideren
Paiement ,Betaling
Méthode de paiement pour votre abonnement *,Betaalmethode voor je abonnement *
Virement ,Overschrijving
Domiciliation ,Domiciliëring
N° de compte *,Rekeningnummer *
Méthode de paiement pour votre commande *,Betaalmethode voor je bestelling *
Banque en ligne ,Online banking
Carte de crédit ,Kredietkaart
Votre panier,Jouw winkelmandje
Commander ,Bestellen
Vous trouverez votre numéro de client sur l'une de vos factures.,Je vindt je klantnummer op één van je facturen.
Vous pouvez choisir de rassembler vos abonnements sur une même facture déjà existante. Les communications entre ces numéros seront gratuites grâce à Orange Circle.,Je kan ervoor kiezen om je abonnementen op dezelfde bestaande factuur te verzamelen. Sms'en en bellen naar deze nummers is gratis dankzij Orange Circle.
Ce numéro peut être utilisé pour vous tenir informé ou pour toute question au sujet de votre commande. Il ne sera pas utilisé à d'autres fins et ne sera pas conservé.,Dit nummer kan gebruikt worden om je te informeren of voor vragen in verband met je bestelling. Het wordt niet gebruikt voor andere doeleinden en wordt nergens bewaard.
"Vous devez être majeur pour passer votre commande. 
Par ailleurs, en raison de la nouvelle législation belge sur l'enregistrement des cartes SIM, les données concernant votre date de naissance sont obligatoires. ","Je dient meerderjarig te zijn om te bestellen. Bovendien is het verplicht om je geboortedatum in te voeren, ten gevolge van de nieuwe Belgische wetgeving omtrent het registreren van simkaarten."
Votre nationalité est demandée afin de définir le type de document d'identité à indiquer ci-dessous.,Je nationaliteit wordt gevraagd om het type identiteitsdocument te bepalen.
"Pour éviter toute fraude et pour des raisons administratives, nous avons besoin de votre numéro de carte d’identité. Il nous est impossible de compléter votre dossier sans ces données.",Om fraude te vermijden en om administratieve redenen hebben we je identiteitskaartnummer nodig. Het is onmogelijk om je dossier te vervolledigen zonder deze gegevens.
Veuillez sélectionner votre ville dans la liste proposée. ,Selecteer je gemeente in de voorgestelde lijst.
Veuillez sélectionner votre rue dans la liste proposée. ,Selecteer je straat in de voorgestelde lijst.
Retirez votre paquet vous-même dans un point d'enlèvement bpost (endéans les 15 jours) ou dans un distributeur de paquets bpost (endéans les 5 jours).,Haal je pakket zelf af in een bpost-afhaalpunt (binnen 15 dagen) of in een bpost-pakketautomaat (binnen 5 dagen)
Vous trouverez votre numéro de client Orange sur la première page de votre facture. Ex : 1.9876543.,Je vindt je Orange-klantnummer terug op de eerste pagina van je factuur. Bv: 1.9876543.
FAIBLE À HAUTE,LAAG NAAR HOOG
descendant,Hoog naar laag
Croissant Prix Standalone ,Oplopend Standalone prijs
Croissant Prix de subvention,Oplopend Subsidie ??prijs
Prix ??décroissant Standalone,Descending Standalone prijs
Prix ??décroissant de subvention,Aflopend Subsidie ??prijs
